"","p99","min","max","mean","p90","p50","p999","p95","p75"
"1",47.0002365112305,0,447.001945495605,2.49119357786317,6.00002288818359,0,111.000480651855,14.0000534057617,0
